Timestamp,Airline,Flight,AirportFrom,AirportTo,DayOfWeek,Time,Length,Delay
1,CO,269,SFO,IAH,3,15,205,1
2,US,1558,PHX,CLT,3,15,222,1
3,AA,2400,LAX,DFW,3,20,165,1
4,AA,2466,SFO,DFW,3,20,195,1
5,AS,108,ANC,SEA,3,30,202,0
6,CO,1094,LAX,IAH,3,30,181,1
7,DL,1768,LAX,MSP,3,30,220,0
8,DL,2722,PHX,DTW,3,30,228,0
9,DL,2606,SFO,MSP,3,35,216,1
10,AA,2538,LAS,ORD,3,40,200,1
11,CO,223,ANC,SEA,3,49,201,1
12,DL,1646,PHX,ATL,3,50,212,1
13,DL,2055,SLC,ATL,3,50,210,0
14,AA,2408,LAX,DFW,3,55,170,0
15,AS,132,ANC,PDX,3,55,215,0
16,US,498,DEN,CLT,3,55,179,0
17,B6,98,DEN,JFK,3,59,213,0
18,CO,1496,LAS,IAH,3,60,162,0
19,DL,1450,LAS,MSP,3,60,181,0
20,CO,507,ONT,IAH,3,75,167,0
21,AS,128,FAI,SEA,3,80,206,0
22,DL,2223,ANC,SLC,3,85,270,0
23,AS,112,ANC,SEA,3,90,200,0
24,HA,17,LAS,HNL,3,100,380,1
25,US,122,ANC,PHX,3,113,327,1
26,AS,114,ANC,SEA,3,150,200,0
27,B6,766,BQN,MCO,3,240,169,0
28,B6,768,PSE,MCO,3,262,180,0
29,HA,206,HNL,OGG,3,300,36,1
30,OO,4746,BIS,MSP,3,300,85,0
31,OO,6466,IYK,LAX,3,300,53,0
32,US,1011,EWR,CLT,3,300,111,0
33,US,1983,BOS,CLT,3,300,135,0
34,HA,108,HNL,KOA,3,302,41,0
35,OO,6900,MKE,ORD,3,302,44,0
36,9E,3975,GFK,MSP,3,305,68,0
37,HA,102,HNL,ITO,3,305,49,0
38,OO,4829,OMA,MSP,3,305,75,0
39,OH,6338,GSO,ATL,3,315,93,1
40,OO,6505,LMT,SFO,3,315,95,0
41,US,149,SEA,PHX,3,315,166,1
42,US,1640,MCO,CLT,3,315,97,0
43,US,908,TPA,CLT,3,315,96,0
44,HA,106,HNL,OGG,3,317,36,0
45,9E,3854,DLH,MSP,3,320,58,1
46,DL,1276,MSP,ATL,3,320,158,0
47,OO,4651,FAR,MSP,3,320,62,1
48,CO,1585,MFE,IAH,3,325,64,0
49,CO,222,MSY,IAH,3,325,70,0
50,EV,4966,VPS,ATL,3,325,69,0
51,US,1521,BWI,CLT,3,325,83,0
52,XE,2827,MAF,IAH,3,325,85,0
53,OO,4719,LWS,SLC,3,328,87,1
54,9E,3702,RST,MSP,3,330,50,0
55,9E,3775,ALB,DTW,3,330,120,1
56,9E,3886,DSM,ATL,3,330,135,1
57,AA,1711,BOS,MIA,3,330,210,0
58,CO,611,EWR,IAH,3,330,233,0
59,DL,1143,CHS,ATL,3,330,72,0
60,DL,1511,MSN,DTW,3,330,80,0
61,DL,1518,MCO,ATL,3,330,84,0
62,DL,1698,JAX,ATL,3,330,80,0
63,DL,1842,SAT,ATL,3,330,142,0
64,DL,1972,TPA,ATL,3,330,85,0
65,DL,2054,PNS,ATL,3,330,75,0
66,DL,2112,BHM,ATL,3,330,58,0
67,DL,2306,LIT,ATL,3,330,97,0
68,DL,2711,SAV,ATL,3,330,65,0
69,DL,2995,BNA,ATL,3,330,67,0
70,EV,4940,OMA,ATL,3,330,147,0
71,EV,5014,ICT,ATL,3,330,132,0
72,EV,5044,ECP,ATL,3,330,68,0
73,EV,5117,DHN,ATL,3,330,70,0
74,EV,5393,MGM,ATL,3,330,57,0
75,EV,5532,CAE,ATL,3,330,64,1
76,EV,7108,PWM,IAD,3,330,114,0
77,OO,6917,ACV,SMF,3,330,65,0
78,OO,7781,EKO,SLC,3,330,70,0
79,US,1289,BOS,PHL,3,330,84,0
80,US,1420,PHL,CLT,3,330,102,0
81,US,1732,ATL,CLT,3,330,68,1
82,US,347,PDX,PHX,3,330,148,0
83,US,913,RIC,CLT,3,330,72,0
84,XE,2263,BTR,IAH,3,330,72,1
85,XE,3024,HRL,IAH,3,330,70,0
86,YV,2605,MYR,CLT,3,330,62,0
87,HA,103,HNL,LIH,3,331,35,0
88,UA,576,SEA,DEN,3,331,159,0
89,OO,6644,TUS,DEN,3,333,112,0
90,YV,7294,SBN,ORD,3,334,46,0
91,9E,3661,CAK,DTW,3,335,76,0
92,9E,3725,TVC,DTW,3,335,75,0
93,9E,3804,CLE,ATL,3,335,128,0
94,AA,674,ORD,MIA,3,335,185,1
95,B6,728,BQN,JFK,3,335,231,0
96,CO,463,ORD,IAH,3,335,164,1
97,OH,6423,DAY,DTW,3,335,75,0
98,OO,6698,MFR,PDX,3,335,74,0
99,XE,2865,MKE,IAH,3,335,174,0
100,EV,7101,BTV,IAD,3,336,110,0
101,9E,3998,TLH,ATL,3,338,68,0
102,9E,4196,TYS,ATL,3,340,57,0
103,CO,214,DFW,IAH,3,340,59,1
104,DL,2123,BOS,DTW,3,340,144,0
105,DL,2597,RIC,ATL,3,340,109,0
106,DL,2626,FLL,ATL,3,340,118,0
107,DL,684,AUS,ATL,3,340,134,0
108,EV,5583,CHA,ATL,3,340,47,0
109,MQ,4563,CMH,LGA,3,340,100,0
110,XE,2616,LRD,IAH,3,340,66,1
111,XE,3006,BRO,IAH,3,340,70,0
112,XE,3015,CRP,IAH,3,340,59,1
113,XE,5970,LAN,ORD,3,340,71,0
114,9E,3659,ALB,ATL,3,345,183,0
115,9E,3862,SAT,MEM,3,345,119,1
116,9E,3949,PVD,DTW,3,345,135,1
117,9E,4143,FWA,DTW,3,345,59,0
118,AA,1141,JFK,MIA,3,345,190,0
119,AA,1297,DFW,MIA,3,345,160,0
120,AA,2320,DFW,ORD,3,345,140,0
121,CO,1677,PHL,IAH,3,345,219,0
122,CO,1727,BWI,IAH,3,345,208,0
123,CO,240,AUS,IAH,3,345,55,0
124,CO,278,SAT,IAH,3,345,54,0
125,CO,633,LGA,IAH,3,345,235,0
126,DL,1095,OKC,ATL,3,345,127,0
127,DL,1112,PIT,ATL,3,345,131,1
128,DL,1506,LAX,DTW,3,345,270,0
129,DL,1580,SFO,DTW,3,345,270,0
130,DL,2320,PBI,ATL,3,345,113,0
131,DL,2481,ORF,ATL,3,345,120,0
132,DL,2710,DFW,ATL,3,345,132,0
133,DL,2939,DCA,ATL,3,345,120,1
134,EV,5142,AEX,ATL,3,345,119,0
135,EV,5218,SYR,ATL,3,345,158,0
136,EV,5233,BTR,ATL,3,345,97,0
137,EV,5362,SHV,ATL,3,345,123,1
138,EV,5501,VLD,ATL,3,345,62,0
139,OH,6264,BDL,CVG,3,345,133,0
140,OH,6549,MFE,MEM,3,345,118,0
141,OO,6407,FAT,SFO,3,345,45,0
142,OO,6647,BZN,DEN,3,345,107,0
143,OO,6925,PHX,LAX,3,345,85,0
144,OO,6964,RDM,PDX,3,345,58,0
145,US,1423,DCA,CLT,3,345,85,0
146,XE,2919,LFT,IAH,3,345,58,0
147,XE,5951,CAK,ORD,3,345,95,0
148,OO,6480,IPL,YUM,3,346,34,0
149,OO,6843,EAU,CWA,3,346,32,0
150,UA,756,SFO,DEN,3,348,158,0
151,OO,3099,OMA,MKE,3,349,81,1
152,9E,3718,ERI,DTW,3,350,65,1
153,B6,107,BUF,JFK,3,350,83,0
154,DL,1248,IAH,ATL,3,350,130,1
155,DL,1985,DAY,ATL,3,350,114,0
156,DL,2387,MKE,ATL,3,350,129,1
157,DL,2405,PHL,DTW,3,350,115,0
158,DL,734,MCI,ATL,3,350,129,0
159,EV,5165,AGS,ATL,3,350,60,0
160,FL,331,PHL,ATL,3,350,145,0
161,MQ,2734,ABI,DFW,3,350,50,0
162,MQ,2796,GRR,DFW,3,350,175,0
163,MQ,3014,FAT,LAX,3,350,65,0
164,MQ,3332,LBB,DFW,3,350,70,0
165,MQ,3632,CLT,MIA,3,350,120,1
166,MQ,3781,LIT,ORD,3,350,105,0
167,MQ,3842,MSP,ORD,3,350,95,1
168,MQ,3892,PHL,ORD,3,350,140,0
169,MQ,4013,LEX,ORD,3,350,95,0
170,OH,6498,ORD,ATL,3,350,128,1
171,OH,6629,GRR,DTW,3,350,61,0
172,9E,4391,MBS,DTW,3,351,59,0
173,HA,218,HNL,KOA,3,352,41,0
174,OO,6921,MOD,SFO,3,352,38,0
175,9E,3935,EWR,DTW,3,355,130,1
176,9E,3955,LBB,MEM,3,355,119,0
177,9E,4200,TYS,CVG,3,355,64,0
178,9E,4274,AMA,MEM,3,355,120,0
179,B6,735,JFK,BQN,3,355,215,0
180,DL,377,BDL,DTW,3,355,130,0
181,HA,202,HNL,ITO,3,355,49,0
182,MQ,2864,SGF,DFW,3,355,90,0
183,OH,6262,OMA,DTW,3,355,137,1
184,OH,6414,AZO,DTW,3,355,58,0
185,OO,7014,RDM,SFO,3,355,101,0
186,9E,3668,TYS,LGA,3,360,131,0
187,9E,3724,ABE,DTW,3,360,115,0
188,9E,3755,SWF,DTW,3,360,120,0
189,9E,3757,BGM,DTW,3,360,103,0
190,9E,3795,SBN,CVG,3,360,60,1
191,9E,3845,AVP,DTW,3,360,105,0
192,9E,3850,FNT,DTW,3,360,48,0
193,9E,3871,BHM,DTW,3,360,125,0
194,9E,3875,GSP,DTW,3,360,115,0
195,9E,3893,FWA,ATL,3,360,115,0
196,9E,3923,IAH,MEM,3,360,95,0
197,9E,3957,ATW,MSP,3,360,76,1
198,9E,3985,DSM,MEM,3,360,100,1
199,9E,4008,BTV,JFK,3,360,100,0
200,9E,4026,ORF,DTW,3,360,125,1
201,9E,4058,LAN,DTW,3,360,50,0
202,9E,4239,ITH,DTW,3,360,97,1
203,9E,4272,ECP,MEM,3,360,90,0
204,9E,4324,DCA,JFK,3,360,82,0
205,AA,1056,TUL,DFW,3,360,70,0
206,AA,1140,SAT,DFW,3,360,65,0
207,AA,1143,TPA,DFW,3,360,170,0
208,AA,1215,DCA,DFW,3,360,210,0
209,AA,1225,COS,DFW,3,360,120,0
210,AA,1406,OMA,DFW,3,360,125,0
211,AA,1584,LAS,DFW,3,360,160,0
212,AA,1596,PDX,DFW,3,360,225,0
213,AA,1602,ELP,DFW,3,360,100,0
214,AA,1615,BDL,DFW,3,360,260,0
215,AA,1631,MSY,MIA,3,360,105,0
216,AA,1670,AUS,ORD,3,360,165,0
217,AA,1755,ABQ,DFW,3,360,105,0
218,AA,1839,OKC,DFW,3,360,60,0
219,AA,1843,BOS,ORD,3,360,175,0
220,AA,1878,SMF,DFW,3,360,205,0
221,AA,1921,EWR,MIA,3,360,185,0
222,AA,1965,STL,DFW,3,360,115,0
223,AA,1994,IAH,MIA,3,360,135,0
224,AA,2037,BNA,MIA,3,360,135,1
225,AA,2060,SEA,ORD,3,360,245,1
226,AA,2103,IAD,MIA,3,360,160,0
227,AA,2203,LGA,MIA,3,360,190,1
228,AA,2299,DTW,MIA,3,360,190,0
229,AA,2301,ORD,DFW,3,360,150,1
230,AA,445,DCA,ORD,3,360,125,0
231,AA,526,SFO,DFW,3,360,215,0
232,AA,528,LAX,MIA,3,360,280,1
233,AA,548,LAX,ORD,3,360,240,0
234,AA,552,SFO,MIA,3,360,315,1
235,AA,654,PHX,DFW,3,360,130,0
236,AA,708,AUS,DFW,3,360,60,0
237,AS,454,SEA,LAX,3,360,150,0
238,AS,55,ANC,FAI,3,360,58,0
239,AS,600,SEA,LAS,3,360,143,0
240,AS,62,FAI,ANC,3,360,70,0
241,AS,81,SEA,ANC,3,360,219,0
242,B6,1001,BOS,JFK,3,360,71,1
243,B6,1133,SYR,JFK,3,360,85,0
244,B6,1224,RDU,BOS,3,360,101,1
245,B6,155,JFK,MCO,3,360,168,0
246,B6,162,RSW,JFK,3,360,156,0
247,B6,1695,BOS,MCO,3,360,192,0
248,B6,19,BTV,JFK,3,360,84,0
249,B6,247,OAK,LGB,3,360,77,0
250,B6,370,FLL,LGA,3,360,159,1
251,B6,371,LGA,FLL,3,360,174,0
252,B6,442,TPA,BOS,3,360,167,0
253,B6,45,ROC,JFK,3,360,83,0
254,B6,52,MCO,JFK,3,360,141,0
255,B6,68,FLL,JFK,3,360,160,1
256,B6,701,JFK,SJU,3,360,218,0
257,CO,1045,CLE,IAH,3,360,190,0
258,CO,1428,CLT,IAH,3,360,180,0
259,CO,1617,MCI,IAH,3,360,118,1
260,CO,1810,SMF,IAH,3,360,220,0
261,CO,1815,OMA,IAH,3,360,138,1
262,CO,308,PDX,IAH,3,360,238,0
263,CO,469,SFO,IAH,3,360,225,1
264,CO,759,DCA,IAH,3,360,206,0
265,CO,89,IAH,EWR,3,360,200,0
266,DL,1084,ANC,MSP,3,360,326,0
267,DL,1106,SEA,SLC,3,360,120,0
268,DL,1157,CMH,ATL,3,360,110,0
269,DL,1181,RSW,ATL,3,360,110,0
270,DL,1249,PWM,ATL,3,360,192,0
271,DL,1297,JFK,ATL,3,360,168,0
272,DL,1301,IND,ATL,3,360,105,0
273,DL,1371,BOS,LGA,3,360,68,0
274,DL,1401,BOS,ATL,3,360,190,0
275,DL,1445,DCA,DTW,3,360,102,0
276,DL,1447,LGA,ATL,3,360,167,0
277,DL,1504,MCI,DTW,3,360,118,0
278,DL,1602,LAS,ATL,3,360,223,0
279,DL,1625,BWI,ATL,3,360,120,0
280,DL,1767,CLT,DTW,3,360,115,0
281,DL,1831,PDX,SLC,3,360,107,1
282,DL,1889,CVG,ATL,3,360,103,0
283,DL,1949,RDU,ATL,3,360,87,0
284,DL,2205,MDW,ATL,3,360,120,0
285,DL,2280,STL,ATL,3,360,110,1
286,DL,2437,CLT,ATL,3,360,82,1
287,DL,2480,SEA,DTW,3,360,253,0
288,DL,2525,BOS,MSP,3,360,210,1
289,DL,2530,BZN,MSP,3,360,138,0
290,DL,2581,SDF,ATL,3,360,84,0
291,DL,2806,SFO,MSP,3,360,222,0
292,DL,2816,LAS,DTW,3,360,233,0
293,DL,725,SFO,SLC,3,360,113,0
294,EV,4942,JAX,DCA,3,360,112,0
295,EV,4946,ABY,ATL,3,360,50,0
296,EV,4979,TRI,ATL,3,360,67,0
297,EV,4998,XNA,ATL,3,360,119,0
298,EV,5011,ROA,DTW,3,360,98,0
299,EV,5027,MLI,ATL,3,360,130,0
300,EV,5079,LYH,ATL,3,360,85,0
301,EV,5141,EVV,ATL,3,360,80,0
302,EV,5169,HPN,ATL,3,360,151,0
303,EV,5265,SYR,DTW,3,360,115,0
304,EV,5275,FAY,ATL,3,360,86,0
305,EV,5313,EWN,ATL,3,360,98,0
306,EV,5316,CSG,ATL,3,360,44,0
307,EV,5366,SGF,ATL,3,360,119,0
308,EV,5374,CAK,ATL,3,360,109,1
309,EV,5387,GPT,ATL,3,360,80,1
310,EV,5435,MLU,ATL,3,360,98,1
311,EV,5460,MOB,ATL,3,360,77,1
312,EV,5479,LFT,ATL,3,360,120,0
313,EV,5491,OAJ,ATL,3,360,98,0
314,EV,5507,CHO,ATL,3,360,102,0
315,EV,5564,ILM,ATL,3,360,88,1
316,EV,5605,ROA,ATL,3,360,86,0
317,EV,7070,ROA,ORD,3,360,116,0
318,EV,7075,DTW,IAD,3,360,90,1
319,EV,7086,DAY,IAD,3,360,90,0
320,EV,7097,CMH,ORD,3,360,82,0
321,EV,7100,CAE,ORD,3,360,128,1
322,EV,7116,JFK,IAD,3,360,81,0
323,EV,7323,BMI,ATL,3,360,115,0
324,EV,7378,DEN,CVG,3,360,158,0
325,F9,225,MDW,DEN,3,360,157,1
326,F9,377,BOS,MKE,3,360,165,1
327,FL,143,DTW,ATL,3,360,125,0
328,FL,155,IND,BWI,3,360,105,0
329,FL,183,DCA,ATL,3,360,123,0
330,FL,200,CAK,ATL,3,360,120,0
331,FL,254,FNT,ATL,3,360,134,0
332,FL,281,BOS,ATL,3,360,180,0
333,FL,359,LGA,ATL,3,360,161,0
334,FL,429,PNS,ATL,3,360,69,0
335,FL,557,BUF,ATL,3,360,135,0
336,FL,630,DAY,BWI,3,360,93,0
337,FL,726,DFW,MKE,3,360,135,0
338,FL,738,MSP,MKE,3,360,70,0
339,FL,84,FLL,ATL,3,360,113,0
340,FL,901,PHF,ATL,3,360,123,0
341,FL,912,MKE,BWI,3,360,120,1
342,FL,942,ROC,BWI,3,360,83,0
343,FL,967,ACY,ATL,3,360,135,1
344,MQ,2731,CVG,DFW,3,360,165,0
345,MQ,2750,JAN,DFW,3,360,100,1
346,MQ,2963,CID,DFW,3,360,140,0
347,MQ,3256,GRK,DFW,3,360,50,0
348,MQ,3265,HOU,DFW,3,360,70,0
349,MQ,3280,CRP,DFW,3,360,80,0
350,MQ,3325,DSM,DFW,3,360,130,0
351,MQ,3357,MOB,DFW,3,360,115,0
352,MQ,3372,BTR,DFW,3,360,90,0
353,MQ,3450,XNA,DFW,3,360,70,0
354,MQ,3512,MKE,DFW,3,360,165,0
355,MQ,3650,TYS,MIA,3,360,135,0
356,MQ,3736,ORD,EWR,3,360,120,1
357,MQ,3748,ORD,MSP,3,360,85,0
358,MQ,3768,EWR,ORD,3,360,165,0
359,MQ,3807,ORD,ATL,3,360,120,1
360,MQ,3853,ATL,ORD,3,360,115,0
361,MQ,3884,CLE,ORD,3,360,85,0
362,MQ,3908,CRW,ORD,3,360,105,0
363,MQ,3914,ICT,ORD,3,360,105,0
364,MQ,3939,BNA,ORD,3,360,105,0
365,MQ,4067,RIC,ORD,3,360,140,0
366,MQ,4114,PIT,ORD,3,360,105,1
367,MQ,4176,CMH,ORD,3,360,80,0
368,MQ,4223,ROC,ORD,3,360,125,0
369,MQ,4260,BWI,ORD,3,360,140,0
370,MQ,4275,MSN,ORD,3,360,55,0
371,MQ,4382,BOS,JFK,3,360,79,0
372,MQ,4420,BOS,LGA,3,360,80,0
373,MQ,4448,DCA,JFK,3,360,70,0
374,MQ,4581,CLT,LGA,3,360,110,1
375,MQ,4625,LGA,RDU,3,360,100,0
376,MQ,4629,RDU,LGA,3,360,95,0
377,MQ,4650,LGA,ATL,3,360,150,0
378,MQ,4697,DTW,LGA,3,360,100,0
379,OH,6341,RIC,DTW,3,360,125,0
380,OH,6357,BDL,DCA,3,360,84,0
381,OH,6379,BOS,JFK,3,360,88,0
382,OH,6401,HTS,CVG,3,360,53,0
383,OH,6560,ORD,JFK,3,360,133,0
384,OH,6655,OMA,MEM,3,360,114,0
385,OH,6668,CHS,LGA,3,360,118,0
386,OO,4611,SAT,SLC,3,360,175,0
387,OO,4662,ABQ,SLC,3,360,101,0
388,OO,4676,BNA,MSP,3,360,144,0
389,OO,4765,LAS,LAX,3,360,75,0
390,OO,4802,DFW,SLC,3,360,168,1
391,OO,4888,COS,MSP,3,360,135,1
392,OO,6245,MFR,SFO,3,360,81,0
393,OO,6285,MFR,DEN,3,360,155,1
394,OO,6300,FAT,LAX,3,360,59,0
395,OO,6330,ONT,SFO,3,360,85,0
396,OO,6345,PSC,SFO,3,360,125,0
397,OO,6359,BOI,SFO,3,360,112,1
398,OO,6399,ORD,MCI,3,360,88,1
399,OO,6405,PDX,SFO,3,360,105,0
400,OO,6434,SBP,LAX,3,360,62,0
401,OO,6471,ABQ,LAX,3,360,121,0
402,OO,6506,ELP,LAX,3,360,137,0
403,OO,6512,CLD,LAX,3,360,40,1
404,OO,6586,PSP,DEN,3,360,131,0
405,OO,6612,SLC,DEN,3,360,93,0
406,OO,6682,SBA,DEN,3,360,142,0
407,OO,6684,MEM,ORD,3,360,110,0
408,OO,6732,MRY,DEN,3,360,146,0
409,OO,6743,ATW,ORD,3,360,55,0
410,OO,6766,GEG,SFO,3,360,136,1
411,OO,6820,RDD,SFO,3,360,78,0
412,OO,6836,PAH,ORD,3,360,78,1
413,OO,6893,ACV,SFO,3,360,82,1
414,OO,6918,CMX,ORD,3,360,82,0
415,OO,6930,ORD,TYS,3,360,87,1
416,OO,6936,SPI,ORD,3,360,60,0
417,OO,6948,COS,ORD,3,360,146,0
418,OO,6949,EUG,DEN,3,360,155,0
419,OO,6975,DFW,ORD,3,360,139,0
420,OO,6997,MKE,ORD,3,360,44,1
421,OO,7006,EUG,PDX,3,360,41,0
422,OO,7008,CIC,SFO,3,360,65,0
423,OO,7049,SEA,PDX,3,360,48,0
424,OO,7763,PIH,SLC,3,360,48,0
425,OO,7768,SGU,SLC,3,360,73,1
426,OO,7799,COD,SLC,3,360,89,0
427,UA,189,BWI,ORD,3,360,135,0
428,UA,18,LAX,DEN,3,360,146,0
429,UA,201,BOS,IAD,3,360,103,0
430,UA,203,BOS,ORD,3,360,171,0
431,UA,226,SFO,BOS,3,360,342,0
432,UA,234,OMA,ORD,3,360,96,1
433,UA,257,JAX,ORD,3,360,156,0
434,UA,303,JFK,SFO,3,360,404,0
435,UA,32,PDX,DEN,3,360,146,0
436,UA,337,PHL,ORD,3,360,137,0
437,UA,376,ORD,PHL,3,360,125,0
438,UA,410,SMF,DEN,3,360,144,0
439,UA,468,SEA,SFO,3,360,130,0
440,UA,475,CLT,ORD,3,360,133,1
441,UA,494,DSM,ORD,3,360,80,0
442,UA,506,SFO,PHX,3,360,120,0
443,UA,510,LAS,SFO,3,360,95,0
444,UA,520,MSP,ORD,3,360,84,0
445,UA,532,DEN,ORD,3,360,141,0
446,UA,650,BDL,IAD,3,360,94,0
447,UA,668,ORD,LGA,3,360,127,1
448,UA,669,LGA,ORD,3,360,150,0
449,UA,705,IAD,ORD,3,360,131,0
450,UA,707,ORD,DEN,3,360,160,0
451,UA,736,SFO,LAS,3,360,98,0
452,UA,740,OAK,DEN,3,360,146,0
453,UA,90,LAX,SFO,3,360,89,0
454,UA,922,ORD,IAD,3,360,108,0
455,US,1050,RDU,CLT,3,360,57,0
456,US,1262,MIA,PHL,3,360,169,0
457,US,1267,LGA,PHL,3,360,57,0
458,US,1296,STL,CLT,3,360,113,0
459,US,1440,BNA,CLT,3,360,74,0
460,US,1772,MHT,CLT,3,360,152,0
461,US,1997,ORD,CLT,3,360,118,0
462,US,2021,BOS,DCA,3,360,96,0
463,US,2114,LGA,BOS,3,360,62,1
464,US,2115,BOS,LGA,3,360,70,0
465,US,2158,DCA,LGA,3,360,60,0
466,US,2161,LGA,DCA,3,360,59,0
467,US,270,IAH,PHX,3,360,172,0
468,US,56,ORD,PHL,3,360,119,0
469,US,578,SFO,PHX,3,360,111,0
470,US,595,MCI,PHX,3,360,174,0
471,US,652,IND,PHX,3,360,235,0
472,US,86,OMA,PHX,3,360,175,1
473,US,952,FLL,PHL,3,360,157,0
474,US,985,MSY,CLT,3,360,108,1
475,WN,1067,OAK,SAN,3,360,85,1
476,WN,109,MSY,DEN,3,360,180,0
477,WN,1289,GEG,SEA,3,360,70,0
478,WN,1357,SMF,ONT,3,360,80,0
479,WN,1851,ONT,OAK,3,360,80,1
480,WN,1929,LAX,DEN,3,360,135,0
481,WN,2529,IND,DEN,3,360,185,1
482,WN,2643,SMF,LAX,3,360,80,1
483,WN,2891,MDW,IAD,3,360,105,0
484,WN,3061,LGA,MDW,3,360,150,0
485,WN,367,MDW,BNA,3,360,85,1
486,WN,3,LIT,DAL,3,360,70,0
487,WN,406,SEA,LAS,3,360,140,1
488,WN,425,BOS,MDW,3,360,175,0
489,WN,647,PHX,DEN,3,360,105,1
490,WN,702,MDW,LAS,3,360,245,1
491,WN,735,IAD,DEN,3,360,240,0
492,WN,748,SMF,DEN,3,360,145,1
493,WN,799,LAX,SFO,3,360,80,0
494,WN,944,OAK,ONT,3,360,75,1
495,XE,2143,GSP,IAH,3,360,160,1
496,XE,2231,JAN,IAH,3,360,77,1
497,XE,2384,SHV,IAH,3,360,55,0
498,XE,2485,ORF,IAH,3,360,201,0
499,XE,2614,CMH,EWR,3,360,97,0
500,XE,2644,GPT,IAH,3,360,81,1
501,XE,2652,LEX,IAH,3,360,159,1
502,XE,2745,BNA,EWR,3,360,127,0
503,XE,2904,GRR,CLE,3,360,58,1
504,XE,2997,MSP,EWR,3,360,158,1
505,XE,3037,CHS,IAH,3,360,167,0
506,XE,3047,BHM,IAH,3,360,116,1
507,XE,3066,RIC,EWR,3,360,69,0
508,XE,3115,PVD,CLE,3,360,117,0
509,XE,5905,ABE,ORD,3,360,136,1
510,XE,5924,ICT,ORD,3,360,110,1
511,XE,5941,TUL,ORD,3,360,113,0
512,XE,5949,BTV,ORD,3,360,159,0
513,XE,5958,GRB,ORD,3,360,60,0
514,XE,5983,CLE,IAD,3,360,75,1
515,XE,5984,TYS,IAD,3,360,95,0
516,XE,5986,FAR,ORD,3,360,112,1
517,XE,5991,XNA,ORD,3,360,105,0
518,XE,5992,FSD,ORD,3,360,96,0
519,YV,2692,MEM,CLT,3,360,105,0
520,YV,2718,MRY,PHX,3,360,145,0
521,YV,2931,SAT,PHX,3,360,146,0
522,YV,7218,ATL,IAD,3,360,100,0
523,YV,7236,ROC,ORD,3,360,117,0
524,YV,7238,ORD,JAX,3,360,135,0
525,YV,7287,ORF,ORD,3,360,143,0
526,B6,742,SJU,MCO,3,361,184,0
527,OO,6965,AVL,ORD,3,361,109,0
528,UA,664,SFO,ORD,3,361,249,0
529,CO,1406,PIT,IAH,3,362,188,1
530,OO,6497,BFL,DEN,3,362,144,0
531,OO,6749,RAP,DEN,3,362,76,0
532,OO,6829,SMF,SFO,3,362,48,0
533,OO,7052,DRO,DEN,3,362,76,0
534,UA,59,DEN,SFO,3,362,167,0
535,UA,635,RDU,ORD,3,362,139,0
536,UA,675,BUF,ORD,3,362,113,0
537,XE,5902,PIA,ORD,3,362,63,0
538,B6,1320,BWI,BOS,3,363,77,0
539,B6,740,PSE,JFK,3,363,237,0
540,DL,1943,EWR,ATL,3,363,156,0
541,XE,2006,GSO,EWR,3,363,89,0
542,XE,2783,TYS,IAH,3,363,142,0
543,HA,205,OGG,HNL,3,364,33,0
544,OO,6495,COS,LAX,3,364,161,0
545,OO,6991,BHM,ORD,3,364,132,1
546,UA,261,SFO,LAX,3,364,95,0
547,9E,3698,PIA,MSP,3,365,100,0
548,9E,3964,ALB,JFK,3,365,90,1
549,9E,4227,FWA,CVG,3,365,52,0
550,AA,1002,DEN,DFW,3,365,125,0
551,AA,1331,MCI,DFW,3,365,105,0
552,AA,1425,STL,ORD,3,365,75,0
553,AA,1698,SLC,DFW,3,365,170,0
554,AA,1851,DCA,MIA,3,365,160,1
555,AA,1938,MSP,MIA,3,365,225,0
556,AA,2127,PHL,MIA,3,365,175,0
557,AA,697,FLL,DFW,3,365,190,0
558,AA,705,LGA,DFW,3,365,250,0
559,AS,730,ANC,SEA,3,365,205,0
560,AS,73,SIT,JNU,3,365,42,0
561,B6,1235,BOS,RDU,3,365,125,0
562,B6,451,BOS,FLL,3,365,204,0
563,CO,1093,CMH,IAH,3,365,168,1
564,CO,1471,TUL,IAH,3,365,95,0
565,CO,151,RDU,IAH,3,365,180,0
566,CO,1831,PBI,IAH,3,365,163,0
567,DL,1024,BDL,ATL,3,365,175,0
568,DL,1583,RSW,CVG,3,365,141,0
569,DL,1937,BWI,DTW,3,365,103,0
570,DL,1982,MEM,ATL,3,365,85,0
571,DL,2385,BOS,CVG,3,365,145,0
572,DL,2931,LGA,DTW,3,365,118,0
573,DL,2940,OAK,SLC,3,365,108,0
574,EV,5343,GRR,ATL,3,365,130,0
575,FL,290,HOU,ATL,3,365,112,0
576,FL,461,BWI,ATL,3,365,126,0
577,MQ,3074,LAX,RNO,3,365,90,0
578,MQ,3366,CAE,DFW,3,365,185,0
579,MQ,3391,TXK,DFW,3,365,60,1
580,MQ,3894,XNA,ORD,3,365,100,1
581,MQ,4015,JAX,ORD,3,365,160,0
582,MQ,4077,ABE,ORD,3,365,140,0
583,OH,6358,LIT,DTW,3,365,131,0
584,OH,6522,PHL,MEM,3,365,178,0
585,OO,3045,DSM,MKE,3,365,66,0
586,OO,4794,ONT,SLC,3,365,104,0
587,OO,6232,FAT,LAS,3,365,77,1
588,OO,6558,RNO,DEN,3,365,129,0
589,OO,6722,PSC,DEN,3,365,139,1
590,OO,6750,ORD,ATL,3,365,124,1
591,UA,112,ONT,DEN,3,365,139,0
592,UA,524,ORD,BOS,3,365,139,0
593,UA,600,ORD,DCA,3,365,111,0
594,UA,634,ORD,EWR,3,365,125,0
595,US,486,RNO,PHX,3,365,107,0
596,WN,1136,LAS,LAX,3,365,65,0
597,WN,1426,STL,DAL,3,365,110,1
598,WN,1461,DEN,LAS,3,365,120,1
599,WN,1481,BNA,DEN,3,365,185,1
600,WN,1687,STL,DEN,3,365,150,1
601,WN,1772,SFO,SAN,3,365,85,0
602,WN,1824,MHT,BWI,3,365,110,1
603,WN,1945,SEA,DEN,3,365,160,1
604,WN,2557,STL,MDW,3,365,65,0
605,WN,2885,LAS,DEN,3,365,115,0
606,WN,28,BOS,BWI,3,365,110,0
607,WN,317,MDW,DEN,3,365,170,1
608,WN,3842,LAS,PHX,3,365,70,0
609,WN,388,AUS,ELP,3,365,100,1
610,WN,410,CMH,MDW,3,365,70,1
611,WN,673,DAL,SAT,3,365,65,0
612,XE,2528,MHT,CLE,3,365,119,0
613,XE,2696,DAY,CLE,3,365,54,0
614,XE,2995,IAD,IAH,3,365,211,0
615,CO,689,DTW,IAH,3,366,185,0
616,OO,6369,TUS,SFO,3,367,133,1
617,OO,6374,PSP,SFO,3,367,88,0
618,YV,7305,CLT,IAD,3,367,79,0
619,9E,3683,SCE,DTW,3,370,90,0
620,AA,1032,ONT,DFW,3,370,180,0
621,AA,1354,LAS,MIA,3,370,265,0
622,AA,1723,BWI,MIA,3,370,160,0
623,AA,2410,LAX,DFW,3,370,185,0
624,AA,301,LGA,ORD,3,370,160,0
625,AA,398,ORD,LGA,3,370,120,0
626,AA,488,SEA,DFW,3,370,230,1
627,AA,532,DFW,RDU,3,370,145,0
628,AA,700,DFW,LGA,3,370,190,1
629,AA,817,BNA,DFW,3,370,130,0
630,AS,151,ANC,OTZ,3,370,95,0
631,AS,340,SEA,OAK,3,370,122,0
632,AS,561,LAX,PDX,3,370,147,0
633,DL,1453,LGA,MSP,3,370,184,0
634,DL,1597,PHL,MSP,3,370,180,0
635,DL,1661,DTW,ATL,3,370,136,0
636,DL,1815,LGA,CVG,3,370,129,0
637,DL,2782,MSY,MEM,3,370,83,1
638,DL,2865,BUF,ATL,3,370,154,0
639,DL,328,JAN,ATL,3,370,83,0
640,EV,5176,VPS,MEM,3,370,88,0
641,EV,5247,DCA,MEM,3,370,147,1
642,EV,5612,MEI,ATL,3,370,68,1
643,EV,7119,ROC,IAD,3,370,80,0
644,EV,7132,CAE,IAD,3,370,83,0
645,F9,453,LGA,MKE,3,370,135,0
646,F9,653,ATL,DEN,3,370,201,1
647,FL,411,PWM,BWI,3,370,102,0
648,FL,69,IAD,ATL,3,370,119,0
649,FL,989,PIT,ATL,3,370,120,0
650,MQ,2743,FAY,DFW,3,370,195,0
651,MQ,3612,BHM,MIA,3,370,115,0
652,MQ,3685,MEM,MIA,3,370,145,0
653,MQ,4076,FAR,ORD,3,370,130,0
654,MQ,4117,TRI,ORD,3,370,110,0
655,MQ,4152,AZO,ORD,3,370,60,0
656,MQ,4414,RDU,JFK,3,370,95,0
657,MQ,4419,RDU,DCA,3,370,65,1
658,OH,6340,EWR,MEM,3,370,187,1
659,OH,6360,MDT,DTW,3,370,107,0
660,OH,6397,SYR,JFK,3,370,90,0
661,OH,6405,GSO,ATL,3,370,93,0
662,OH,6686,STL,CVG,3,370,73,0
663,OH,6770,IND,DCA,3,370,100,0
664,OO,4531,FCA,SLC,3,370,97,0
665,OO,4681,EUG,SLC,3,370,113,0
666,OO,4682,SJC,SLC,3,370,112,0
667,OO,4713,RAP,SLC,3,370,104,1
668,OO,4729,MFR,SLC,3,370,112,0
669,OO,4756,MCI,SLC,3,370,162,1
670,OO,6364,SBA,LAX,3,370,48,0
671,OO,6465,SLC,LAX,3,370,120,0
672,OO,6674,FAT,DEN,3,370,134,0
673,OO,6716,CRW,ORD,3,370,97,0
674,OO,6826,MRY,SFO,3,370,35,0
675,OO,6850,ORD,MBS,3,370,60,1
676,UA,414,ORD,BDL,3,370,129,0
677,UA,732,SEA,ORD,3,370,242,0
678,UA,893,BOS,SFO,3,370,410,0
679,UA,966,LAX,IAD,3,370,292,0
680,US,1223,SYR,DCA,3,370,82,0
681,US,12,SMF,PHX,3,370,109,0
682,US,1703,PVD,DCA,3,370,87,0
683,US,506,BOS,PHX,3,370,364,0
684,US,590,OAK,PHX,3,370,112,0
685,US,641,DFW,PHX,3,370,157,1
686,WN,1105,LAS,MDW,3,370,215,0
687,WN,1762,OAK,DEN,3,370,155,0
688,WN,3060,LAX,PHX,3,370,75,0
689,WN,3684,SAT,DEN,3,370,145,0
690,WN,3762,MSP,STL,3,370,105,1
691,WN,379,OAK,SEA,3,370,125,1
692,WN,380,SFO,DEN,3,370,155,0
693,WN,682,AUS,DEN,3,370,140,0
694,WN,821,OAK,LAX,3,370,75,0
695,XE,2251,IND,EWR,3,370,114,0
696,XE,2323,ALB,CLE,3,370,102,0
697,XE,2445,BOS,CLE,3,370,125,0
698,XE,2585,STL,EWR,3,370,137,0
699,XE,2718,BWI,EWR,3,370,54,0
700,XE,5998,ROA,IAD,3,370,65,1
701,YV,2735,ELP,PHX,3,370,80,0
702,YV,2933,ABQ,PHX,3,370,76,0
703,OO,6759,LIT,ORD,3,371,115,0
704,UA,791,LAS,DEN,3,371,120,0
705,UA,894,DEN,LAX,3,371,159,0
706,OO,6320,LAX,SAN,3,372,48,0
707,UA,871,MCI,DEN,3,372,118,0
708,XE,5950,BUF,IAD,3,372,74,0
709,HA,107,KOA,HNL,3,373,42,0
710,UA,243,MSP,DEN,3,373,139,0
711,UA,796,RDU,IAD,3,373,69,0
712,UA,812,GEG,DEN,3,373,133,0
713,XE,3081,BTV,EWR,3,373,77,0
714,9E,3692,FSD,DTW,3,375,130,1
715,9E,3751,ROC,DTW,3,375,103,0
716,9E,3815,PNS,MEM,3,375,91,0
717,9E,3946,MSN,MEM,3,375,118,0
718,9E,3997,MLI,MEM,3,375,96,0
719,9E,4259,PLN,DTW,3,375,95,0
720,9E,4388,IAD,DTW,3,375,108,0
721,9E,4390,CID,DTW,3,375,106,0
722,AA,2258,SAT,DFW,3,375,65,0
723,B6,1249,BOS,IAD,3,375,100,1
724,CO,1576,SJC,IAH,3,375,228,0
725,CO,1649,FLL,IAH,3,375,164,0
726,CO,223,SEA,IAH,3,375,245,0
727,DL,1125,PHF,ATL,3,375,116,0
728,DL,1244,HOU,ATL,3,375,130,0
729,DL,1408,DEN,MSP,3,375,129,0
730,DL,1432,BWI,MEM,3,375,147,0
731,DL,1516,DEN,ATL,3,375,170,0
732,DL,1762,BNA,DTW,3,375,126,0
733,DL,1909,FNT,ATL,3,375,146,0
734,DL,1999,MCI,MEM,3,375,88,0
735,DL,2052,MSY,ATL,3,375,95,0
736,DL,2154,LAX,ATL,3,375,252,1
737,DL,2570,LAX,SLC,3,375,119,0
738,DL,2578,SAN,SLC,3,375,120,0
739,EV,4993,ATL,DTW,3,375,110,1
740,EV,5075,MDT,ATL,3,375,133,0
741,EV,5182,GNV,ATL,3,375,75,0
742,EV,5364,MGM,MEM,3,375,76,0
743,EV,5611,LEX,ATL,3,375,85,0
744,EV,7349,OKC,MEM,3,375,93,0
745,F9,103,MSP,DEN,3,375,131,0
746,F9,143,HOU,DEN,3,375,146,0
747,F9,192,DAY,DEN,3,375,189,0
748,F9,262,STL,DEN,3,375,144,0
749,F9,319,DCA,MKE,3,375,130,0
750,F9,38,SEA,DEN,3,375,154,0
751,F9,496,CAK,DEN,3,375,202,1
752,FL,582,GRR,BWI,3,375,95,0
753,FL,656,SAT,ATL,3,375,131,0
754,FL,96,RDU,ATL,3,375,85,0
755,MQ,2810,SHV,DFW,3,375,60,0
756,MQ,3314,FWA,DFW,3,375,165,0
757,MQ,3600,CHS,MIA,3,375,105,0
758,MQ,4199,EVV,ORD,3,375,85,0
759,MQ,4503,CMH,JFK,3,375,105,0
760,MQ,4576,LGA,CLT,3,375,120,0
761,MQ,4590,MSP,LGA,3,375,164,0
762,MQ,4599,LGA,MSP,3,375,175,0
763,OH,6566,RIC,JFK,3,375,85,0
764,OH,6594,BHM,LGA,3,375,150,1
765,OO,4478,ORD,SLC,3,375,205,1
766,OO,4553,LAX,LAS,3,375,70,0
767,OO,4654,HLN,SLC,3,375,69,0
768,OO,6463,SMF,LAX,3,375,95,0
769,OO,6992,DLH,ORD,3,375,90,0
770,UA,33,DFW,DEN,3,375,136,0
771,US,1125,BDL,CLT,3,375,140,0
772,US,1433,BOS,CLT,3,375,152,0
773,US,1517,BDL,DCA,3,375,81,1
774,US,1626,CLT,LGA,3,375,100,0
775,US,1812,PHL,BOS,3,375,74,0
776,WN,1056,STL,LAS,3,375,235,1
777,WN,107,MDW,PHL,3,375,125,0
778,WN,1155,ONT,PHX,3,375,70,0
779,WN,1199,OKC,HOU,3,375,85,1
780,WN,1320,LAS,SEA,3,375,165,0
781,WN,1400,DEN,MDW,3,375,145,0
782,WN,1628,DAL,HOU,3,375,60,1
783,WN,1636,HOU,DAL,3,375,60,0
784,WN,1657,ELP,SAT,3,375,80,0
785,WN,1915,BDL,BWI,3,375,80,1
786,WN,2377,PIT,MCO,3,375,150,1
787,WN,2706,ELP,AUS,3,375,85,0
788,WN,3756,LAX,SMF,3,375,80,0
789,WN,3915,AUS,HOU,3,375,50,1
790,WN,532,PHX,MDW,3,375,200,1
791,WN,568,BHM,PHX,3,375,240,1
792,WN,685,OMA,STL,3,375,70,0
793,WN,697,LBB,AUS,3,375,70,0
794,WN,6,CRP,HOU,3,375,50,0
795,WN,756,MDW,MCI,3,375,95,1
796,WN,840,DEN,PHX,3,375,120,0
797,WN,912,OAK,SNA,3,375,85,1
798,XE,2046,AEX,IAH,3,375,62,0
799,XE,2072,RIC,IAH,3,375,199,1
800,XE,2175,BNA,IAH,3,375,134,0
801,XE,2535,SDF,EWR,3,375,114,0
802,XE,2853,DAY,EWR,3,375,108,0
803,XE,2946,JAX,EWR,3,375,132,0
804,YV,2631,EWR,CLT,3,375,115,0
805,YV,2924,AUS,PHX,3,375,148,0
806,HA,113,HNL,LIH,3,376,35,0
807,UA,472,SMF,ORD,3,376,245,0
808,OO,6314,PSP,LAX,3,377,47,0
809,UA,185,PHL,SFO,3,377,389,0
810,UA,671,PHX,SFO,3,377,138,0
811,OO,6438,GJT,DEN,3,378,60,0
812,OO,6568,SAN,LAX,3,378,52,0
813,OO,7037,CPR,DEN,3,378,69,0
814,UA,16,SAN,ORD,3,378,244,1
815,UA,484,SAN,DEN,3,378,149,0
816,OH,6621,LEX,DTW,3,379,86,0
817,UA,988,DSM,DEN,3,379,127,0
818,9E,3684,PIT,JFK,3,380,106,0
819,9E,3779,FSM,MEM,3,380,67,0
820,9E,3934,TUL,MEM,3,380,83,0
821,9E,4052,DAL,MEM,3,380,88,0
822,9E,4138,BUF,DTW,3,380,85,0
823,AA,1096,SAN,ORD,3,380,250,0
824,AA,1185,RDU,DFW,3,380,200,1
825,AA,1280,SJC,DFW,3,380,215,0
826,AA,1433,BDL,MIA,3,380,205,0
827,AA,1434,DFW,MCO,3,380,145,0
828,AA,1466,DFW,BOS,3,380,200,1
829,AA,2065,MFE,DFW,3,380,95,0
830,AA,2515,STL,MIA,3,380,160,0
831,AA,496,ORD,DCA,3,380,99,0
832,AA,689,ORF,DFW,3,380,220,1
833,AA,971,ATL,MIA,3,380,110,0
834,AS,477,LAX,SEA,3,380,165,0
835,AS,537,ONT,SEA,3,380,166,0
836,AS,658,PDX,SJC,3,380,108,0
837,B6,1321,BOS,BWI,3,380,89,0
838,CO,605,OKC,IAH,3,380,80,0
839,DL,1212,LAX,MSP,3,380,220,1
840,DL,1449,IAD,ATL,3,380,129,0
841,DL,1756,SAT,MSP,3,380,168,0
842,DL,1872,TPA,ATL,3,380,90,0
843,DL,2346,PDX,ATL,3,380,279,0
844,DL,2414,FLL,JFK,3,380,169,0
845,DL,2513,MSP,ATL,3,380,167,1
846,EV,4991,MYR,ATL,3,380,81,0
847,EV,5428,LFT,MEM,3,380,83,0
848,EV,7095,GSO,IAD,3,380,67,0
849,F9,650,SFO,DEN,3,380,150,0
850,F9,765,AUS,DEN,3,380,133,1
851,FL,132,TPA,ATL,3,380,95,0
852,FL,300,DEN,ATL,3,380,167,0
853,FL,684,ICT,ATL,3,380,126,0
854,FL,806,BOS,BWI,3,380,93,0
855,MQ,2985,AGS,DFW,3,380,175,0
856,MQ,3081,SAN,LAX,3,380,45,0
857,MQ,3302,MLI,DFW,3,380,140,0
858,MQ,4004,CVG,ORD,3,380,80,1
859,MQ,4278,CMI,ORD,3,380,55,0
860,OO,4529,OMA,SLC,3,380,156,1
861,OO,4554,GTF,SLC,3,380,88,0
862,OO,4638,SAN,LAX,3,380,49,0
863,OO,4667,TUL,SLC,3,380,154,1
864,OO,6454,MSN,ORD,3,380,55,0
865,OO,6701,FAR,DEN,3,380,128,0
866,OO,6832,SBA,SFO,3,380,88,0
867,OO,6974,HDN,DEN,3,380,67,1
868,UA,143,TPA,ORD,3,380,170,0
869,UA,353,LAX,LAS,3,380,80,0
870,UA,381,BDL,ORD,3,380,161,0
871,UA,658,SJC,DEN,3,380,156,0
872,US,1434,MIA,CLT,3,380,126,0
873,US,542,SJC,PHX,3,380,113,0
874,WN,1329,ONT,SMF,3,380,90,0
875,WN,1472,DEN,LAX,3,380,155,0
876,WN,1566,ALB,BWI,3,380,95,1
877,WN,1591,PHL,BOS,3,380,80,0
878,WN,220,BHM,HOU,3,380,115,0
879,WN,2552,RNO,LAS,3,380,80,1
880,WN,496,PDX,DEN,3,380,145,1
881,WN,758,DAL,LIT,3,380,60,0
882,WN,831,PHL,MDW,3,380,135,1
883,WN,909,ECP,BWI,3,380,130,0
884,XE,2208,MCI,EWR,3,380,157,0
885,XE,2788,CVG,EWR,3,380,112,0
886,YV,2934,BFL,PHX,3,380,92,1
887,FL,1435,PHF,BOS,3,381,89,1
888,HA,105,OGG,HNL,3,381,33,0
889,UA,132,PDX,ORD,3,381,234,0
890,UA,73,SAN,SFO,3,382,103,0
891,DL,1241,GSP,ATL,3,383,63,1
892,HA,101,ITO,HNL,3,383,49,0
893,UA,91,EWR,SFO,3,383,393,0
894,XE,2164,PIT,EWR,3,383,83,0
895,DL,1260,GEG,SLC,3,384,110,1
896,OO,6727,MTJ,DEN,3,384,63,0
897,9E,3928,PIA,DTW,3,385,93,0
898,AA,1361,HSV,DFW,3,385,135,0
899,AA,1462,MCI,ORD,3,385,95,0
900,AA,2042,DFW,FLL,3,385,150,0
901,AA,404,MIA,MCO,3,385,60,0
902,AA,419,BOS,DFW,3,385,270,0
903,AA,509,DTW,DFW,3,385,185,0
904,AA,608,SAN,DFW,3,385,185,0
905,AA,810,SFO,ORD,3,385,255,0
906,AS,304,SEA,SFO,3,385,133,0
907,B6,110,MSY,JFK,3,385,163,0
908,CO,1087,MCO,IAH,3,385,150,0
909,CO,1437,TPA,IAH,3,385,142,1
910,CO,625,EWR,CLE,3,385,100,0
911,CO,651,AUS,EWR,3,385,205,0
912,CO,724,CLE,EWR,3,385,83,0
913,DL,1092,TPA,DTW,3,385,169,0
914,DL,1192,SMF,SLC,3,385,103,0
915,DL,1592,SAN,ATL,3,385,249,0
916,DL,2163,DCA,MSP,3,385,173,0
917,DL,2258,RDU,MSP,3,385,184,0
918,DL,2283,CAE,ATL,3,385,78,1
919,DL,2728,RNO,SLC,3,385,92,0
920,DL,2938,ATL,DCA,3,385,94,0
921,EV,7305,HSV,MEM,3,385,67,0
922,EV,7372,GPT,MEM,3,385,83,1
923,F9,71,DTW,DEN,3,385,189,0
924,F9,790,PDX,DEN,3,385,144,1
925,FL,431,MKE,ATL,3,385,129,0
926,FL,516,CMH,ATL,3,385,108,0
927,MQ,2782,LEX,DFW,3,385,160,1
928,MQ,2830,PNS,DFW,3,385,125,0
929,MQ,4375,DCA,RDU,3,385,65,0
930,MQ,4464,LGA,BOS,3,385,65,0
931,OH,6421,EWR,CVG,3,385,140,1
932,OO,4489,COS,SLC,3,385,95,0
933,OO,4551,RDM,SLC,3,385,101,1
934,OO,4624,FAT,SLC,3,385,104,1
935,OO,4645,BTM,SLC,3,385,73,1
936,OO,4714,CPR,SLC,3,385,73,0
937,OO,4840,BIL,SLC,3,385,80,0
938,OO,6401,EUG,SFO,3,385,96,0
939,OO,6547,IAH,ORD,3,385,151,0
940,US,1019,PVD,CLT,3,385,143,0
941,US,1656,BUF,CLT,3,385,116,0
942,US,220,SAN,PHX,3,385,84,0
943,US,375,JFK,CLT,3,385,120,0
944,WN,1019,SFO,LAX,3,385,75,0
945,WN,1093,BUF,BWI,3,385,90,0
946,WN,1633,LAS,TUS,3,385,75,0
947,WN,205,SAT,MDW,3,385,155,0
948,WN,2102,LAS,SJC,3,385,85,0
949,WN,219,SMF,LAS,3,385,80,0
950,WN,264,DEN,STL,3,385,120,0
951,WN,3073,PVD,BWI,3,385,90,1
952,WN,370,PDX,SJC,3,385,105,0
953,WN,550,PHX,SJC,3,385,125,0
954,WN,579,LAX,OAK,3,385,80,0
955,WN,609,ABQ,PHX,3,385,80,0
956,WN,703,DAL,TUL,3,385,60,0
957,WN,734,DEN,MCI,3,385,105,1
958,WN,792,DTW,BNA,3,385,105,1
959,WN,863,MSY,HOU,3,385,75,0
960,WN,8,HRL,HOU,3,385,60,0
961,XE,2094,DTW,EWR,3,385,97,0
962,XE,2169,EWR,CMH,3,385,114,0
963,XE,2377,DSM,IAH,3,385,150,0
964,XE,2419,CLT,CLE,3,385,92,0
965,XE,2563,EWR,STL,3,385,172,1
966,XE,2660,XNA,IAH,3,385,104,1
967,XE,2927,DCA,CLE,3,385,72,1
968,XE,5973,TVC,ORD,3,385,79,0
969,YV,2702,SBP,PHX,3,385,94,0
970,YV,2903,SBA,PHX,3,385,91,0
971,OO,6828,RNO,SFO,3,386,69,0
972,XE,3067,PVD,EWR,3,386,64,0
973,UA,491,OKC,DEN,3,387,113,0
974,9E,3931,MBS,MSP,3,388,102,0
975,FL,234,RIC,ATL,3,388,107,0
976,OO,6517,TUS,LAX,3,388,95,0
977,OO,6933,ORD,LAN,3,388,49,0
978,XE,2821,ORF,CLE,3,388,107,1
979,XE,2921,GRR,IAH,3,388,182,0
980,OO,6243,SAT,LAX,3,389,201,0
981,OO,6564,COS,DEN,3,389,49,0
982,XE,2183,EWR,IND,3,389,139,0
983,XE,2437,EWR,RDU,3,389,104,0
984,XE,2549,EWR,CVG,3,389,131,0
985,9E,3669,SGF,MEM,3,390,75,1
986,9E,3778,COU,MEM,3,390,82,0
987,9E,3890,DLH,DTW,3,390,112,0
988,9E,3970,BHM,MEM,3,390,68,0
989,9E,3974,TVC,DTW,3,390,82,0
990,9E,4001,ORD,MEM,3,390,115,1
991,9E,4014,IND,DTW,3,390,80,0
992,9E,4117,ROC,ATL,3,390,145,1
993,9E,4211,STL,MEM,3,390,75,0
994,9E,4251,RDU,CVG,3,390,100,0
995,AA,1083,IAD,DFW,3,390,210,0
996,AA,1182,LAX,AUS,3,390,175,0
997,AA,1637,MCO,ORD,3,390,185,0
998,AA,201,JFK,LAX,3,390,385,0
999,AA,2401,DFW,LAX,3,390,205,0
1000,AA,851,TUL,ORD,3,390,120,0
1001,AS,232,SEA,SAN,3,390,154,0
1002,AS,493,SAN,SEA,3,390,183,0
1003,AS,502,SEA,SNA,3,390,161,0
1004,B6,1012,JFK,BOS,3,390,65,0
1005,B6,1790,DCA,BOS,3,390,85,0
1006,B6,591,HPN,MCO,3,390,164,0
1007,B6,921,BOS,ORD,3,390,169,0
1008,CO,1116,EWR,BOS,3,390,72,0
1009,CO,1121,BOS,EWR,3,390,81,0
1010,CO,338,EWR,MIA,3,390,187,1
1011,CO,350,EWR,AUS,3,390,260,1
1012,CO,501,IND,IAH,3,390,147,0
1013,CO,561,SAT,EWR,3,390,212,0
1014,DL,1162,BNA,ATL,3,390,90,0
1015,DL,1209,BOS,SLC,3,390,342,1
1016,DL,1254,PNS,ATL,3,390,83,1
1017,DL,132,SFO,JFK,3,390,330,0
1018,DL,1370,LGA,BOS,3,390,69,0
1019,DL,1373,BOS,LGA,3,390,82,0
1020,DL,1418,MCO,ATL,3,390,94,0
1021,DL,1758,CHS,ATL,3,390,75,0
1022,DL,1871,BOI,SLC,3,390,70,1
1023,DL,1981,MSP,MEM,3,390,125,1
1024,DL,2061,PHL,ATL,3,390,140,1
1025,DL,246,LAX,JFK,3,390,320,0
1026,DL,2504,SAV,ATL,3,390,74,0
1027,DL,2613,TYS,ATL,3,390,64,0
1028,DL,2700,SJC,MSP,3,390,228,0
1029,DL,2724,BIS,MSP,3,390,79,1
1030,DL,2826,JAX,ATL,3,390,89,0
1031,DL,2853,HSV,ATL,3,390,80,0
1032,DL,2956,SAN,JFK,3,390,324,0
1033,DL,2960,MIA,ATL,3,390,127,0
1034,EV,5078,BTR,MEM,3,390,76,0
1035,EV,5272,MOB,MEM,3,390,76,0
1036,EV,5413,ATW,ATL,3,390,138,1
1037,EV,5590,XNA,MEM,3,390,66,0
1038,EV,5600,VPS,ATL,3,390,90,1
1039,EV,7311,MLU,MEM,3,390,70,1
1040,EV,7320,SHV,MEM,3,390,66,0
1041,EV,7360,JAN,MEM,3,390,64,0
1042,F9,416,LAX,DEN,3,390,140,0
1043,F9,510,SAN,DEN,3,390,143,0
1044,FL,100,DFW,ATL,3,390,125,0
1045,FL,1270,DAY,MCO,3,390,146,1
1046,FL,260,DCA,MKE,3,390,125,0
1047,FL,409,IND,ATL,3,390,104,1
1048,FL,715,CAK,LGA,3,390,98,1
1049,FL,805,BWI,BOS,3,390,82,0
1050,FL,923,MCI,ATL,3,390,125,0
1051,MQ,2738,GSP,DFW,3,390,175,0
1052,MQ,2935,MSN,DFW,3,390,160,0
1053,MQ,2943,DFW,CVG,3,390,130,0
1054,MQ,3007,SBA,LAX,3,390,45,1
1055,MQ,3203,DFW,AMA,3,390,75,0
1056,MQ,3307,DFW,CRP,3,390,80,0
1057,MQ,3322,GSO,DFW,3,390,200,0
1058,MQ,3393,DFW,MKE,3,390,140,0
1059,MQ,3534,LIT,DFW,3,390,80,0
1060,MQ,3614,CLE,MIA,3,390,185,0
1061,MQ,3665,PIT,MIA,3,390,180,1
1062,MQ,3923,FSD,ORD,3,390,105,0
1063,MQ,4069,BMI,ORD,3,390,50,1
1064,MQ,4174,BUF,ORD,3,390,120,0
1065,MQ,4187,DSM,ORD,3,390,85,1
1066,MQ,4436,BNA,DCA,3,390,105,0
1067,MQ,4652,ATL,LGA,3,390,120,0
1068,OH,6276,CRW,DTW,3,390,79,1
1069,OH,6417,DAY,MSP,3,390,144,0
1070,OH,6597,JFK,CVG,3,390,135,0
1071,OH,6658,CMH,DCA,3,390,81,0
1072,OO,4575,OKC,SLC,3,390,142,1
1073,OO,4629,PSC,SLC,3,390,90,0
1074,OO,4657,LEX,MSP,3,390,130,1
1075,OO,4671,MSO,SLC,3,390,82,0
1076,OO,4762,PSP,SLC,3,390,102,1
1077,OO,4826,FAR,SLC,3,390,145,1
1078,OO,4881,MKE,MEM,3,390,115,0
1079,OO,7011,SMX,LAX,3,390,57,0
1080,OO,7800,TWF,SLC,3,390,55,0
1081,UA,837,DFW,SFO,3,390,241,0
1082,UA,89,PVD,ORD,3,390,165,0
1083,US,1085,LAS,CLT,3,390,245,0
1084,US,1210,DFW,PHL,3,390,185,0
1085,US,1293,BOS,PHL,3,390,93,0
1086,US,1525,FLL,CLT,3,390,115,0
